0,4.53675e+00,1.55202e+03,1.18302e+03,1.16211e+03,1.26960e+03,1.58672e+03
50,4.95227e+02,1.54648e+03,1.17821e+03,1.15278e+03,1.27499e+03,1.57901e+03
100,5.04027e+02,1.54236e+03,1.17316e+03,1.14601e+03,1.27644e+03,1.57439e+03
150,5.12932e+02,1.53944e+03,1.16895e+03,1.14207e+03,1.28098e+03,1.57472e+03
200,5.21916e+02,1.53926e+03,1.16533e+03,1.13593e+03,1.27563e+03,1.56889e+03
250,5.31005e+02,1.53825e+03,1.16094e+03,1.12931e+03,1.27129e+03,1.56142e+03
300,5.39960e+02,1.53542e+03,1.15579e+03,1.12027e+03,1.26254e+03,1.56316e+03
350,5.48980e+02,1.53399e+03,1.15000e+03,1.11971e+03,1.25379e+03,1.55970e+03
400,5.58050e+02,1.52909e+03,1.14648e+03,1.11573e+03,1.25350e+03,1.55523e+03
450,5.67134e+02,1.52810e+03,1.14287e+03,1.11041e+03,1.25386e+03,1.55242e+03
500,5.76166e+02,1.52446e+03,1.13870e+03,1.12015e+03,1.24889e+03,1.54865e+03
550,5.85318e+02,1.52140e+03,1.13665e+03,1.10827e+03,1.24878e+03,1.54410e+03
600,5.94386e+02,1.52188e+03,1.13407e+03,1.11272e+03,1.25283e+03,1.54043e+03
650,6.03449e+02,1.52085e+03,1.13126e+03,1.10825e+03,1.24881e+03,1.53781e+03
700,6.12543e+02,1.52171e+03,1.12921e+03,1.11508e+03,1.24790e+03,1.53504e+03
750,6.21645e+02,1.51981e+03,1.12684e+03,1.11946e+03,1.24629e+03,1.53389e+03
800,6.30764e+02,1.52084e+03,1.12467e+03,1.11854e+03,1.24503e+03,1.53063e+03
850,6.39885e+02,1.52113e+03,1.12363e+03,1.11530e+03,1.24479e+03,1.52937e+03
900,6.49034e+02,1.52157e+03,1.12248e+03,1.11287e+03,1.24488e+03,1.52919e+03
950,6.58083e+02,1.52233e+03,1.12076e+03,1.10744e+03,1.24632e+03,1.52689e+03
1000,6.67217e+02,1.52036e+03,1.11946e+03,1.10432e+03,1.24261e+03,1.52336e+03
1050,6.76282e+02,1.52147e+03,1.11701e+03,1.10062e+03,1.24069e+03,1.52391e+03
1100,6.85356e+02,1.52094e+03,1.11539e+03,1.10112e+03,1.24104e+03,1.52368e+03
1150,6.94521e+02,1.52032e+03,1.11348e+03,1.10307e+03,1.24107e+03,1.52319e+03
1200,7.03625e+02,1.51670e+03,1.11234e+03,1.09513e+03,1.24230e+03,1.52303e+03
1250,7.12755e+02,1.51633e+03,1.11162e+03,1.10153e+03,1.24147e+03,1.52281e+03
1300,7.21945e+02,1.51614e+03,1.11068e+03,1.09976e+03,1.24166e+03,1.52075e+03
1350,7.31059e+02,1.51500e+03,1.10981e+03,1.09580e+03,1.24039e+03,1.51818e+03
1400,7.40256e+02,1.51822e+03,1.10878e+03,1.09053e+03,1.23781e+03,1.51845e+03
1450,7.49374e+02,1.51678e+03,1.10756e+03,1.08981e+03,1.23608e+03,1.51757e+03
1500,7.58411e+02,1.51676e+03,1.10667e+03,1.08987e+03,1.23880e+03,1.51703e+03
1550,7.67601e+02,1.51948e+03,1.10563e+03,1.08618e+03,1.23897e+03,1.51718e+03
1600,7.76673e+02,1.51981e+03,1.10487e+03,1.08614e+03,1.23909e+03,1.51683e+03
1650,7.85769e+02,1.51753e+03,1.10406e+03,1.08931e+03,1.23720e+03,1.51593e+03
1700,7.94898e+02,1.51769e+03,1.10317e+03,1.09033e+03,1.23704e+03,1.51573e+03
1750,8.04045e+02,1.51844e+03,1.10284e+03,1.08671e+03,1.23678e+03,1.51387e+03
1800,8.13110e+02,1.51938e+03,1.10184e+03,1.08315e+03,1.23634e+03,1.51312e+03
1850,8.22234e+02,1.51805e+03,1.10108e+03,1.08238e+03,1.23777e+03,1.51306e+03
1900,8.31325e+02,1.51889e+03,1.10104e+03,1.08001e+03,1.23679e+03,1.51300e+03
1950,8.40463e+02,1.51852e+03,1.10055e+03,1.07923e+03,1.23735e+03,1.51254e+03
2000,8.49569e+02,1.52081e+03,1.09954e+03,1.08212e+03,1.23801e+03,1.51164e+03
2050,8.58640e+02,1.52105e+03,1.09921e+03,1.07844e+03,1.23788e+03,1.51036e+03
2100,8.67822e+02,1.51927e+03,1.09876e+03,1.07990e+03,1.23765e+03,1.51039e+03
2150,8.76920e+02,1.52025e+03,1.09812e+03,1.07947e+03,1.23671e+03,1.51069e+03
2200,8.86094e+02,1.52047e+03,1.09806e+03,1.07856e+03,1.23670e+03,1.51030e+03
2250,8.95226e+02,1.52167e+03,1.09789e+03,1.07958e+03,1.23563e+03,1.50991e+03
2300,9.04349e+02,1.52099e+03,1.09745e+03,1.08086e+03,1.23498e+03,1.51012e+03
2350,9.13473e+02,1.52154e+03,1.09693e+03,1.07865e+03,1.23535e+03,1.51027e+03
2400,9.22622e+02,1.52099e+03,1.09675e+03,1.08082e+03,1.23434e+03,1.50921e+03
2450,9.31741e+02,1.52195e+03,1.09615e+03,1.08197e+03,1.23572e+03,1.50987e+03
2500,9.40895e+02,1.52196e+03,1.09570e+03,1.08187e+03,1.23604e+03,1.50927e+03
2550,9.50044e+02,1.52054e+03,1.09560e+03,1.07927e+03,1.23389e+03,1.50842e+03
2600,9.59162e+02,1.51925e+03,1.09589e+03,1.07745e+03,1.23483e+03,1.50771e+03
2650,9.68304e+02,1.52066e+03,1.09580e+03,1.07759e+03,1.23564e+03,1.50697e+03
2700,9.77393e+02,1.51939e+03,1.09576e+03,1.07669e+03,1.23610e+03,1.50658e+03
2750,9.86577e+02,1.51855e+03,1.09598e+03,1.07631e+03,1.23509e+03,1.50630e+03
2800,9.95650e+02,1.51852e+03,1.09575e+03,1.07822e+03,1.23500e+03,1.50641e+03
2850,1.00478e+03,1.51864e+03,1.09558e+03,1.07730e+03,1.23548e+03,1.50623e+03
2900,1.01391e+03,1.51898e+03,1.09552e+03,1.07686e+03,1.23646e+03,1.50594e+03
2950,1.02303e+03,1.51861e+03,1.09545e+03,1.07737e+03,1.23690e+03,1.50561e+03
3000,1.03219e+03,1.51967e+03,1.09478e+03,1.07624e+03,1.23600e+03,1.50652e+03
3050,1.04132e+03,1.51976e+03,1.09436e+03,1.07554e+03,1.23727e+03,1.50638e+03
3100,1.05047e+03,1.52037e+03,1.09392e+03,1.07202e+03,1.23618e+03,1.50596e+03
3150,1.05961e+03,1.52248e+03,1.09374e+03,1.06941e+03,1.23598e+03,1.50526e+03
3200,1.06874e+03,1.52342e+03,1.09325e+03,1.06991e+03,1.23750e+03,1.50527e+03
3250,1.07781e+03,1.52271e+03,1.09331e+03,1.07157e+03,1.23875e+03,1.50546e+03
3300,1.08697e+03,1.52234e+03,1.09342e+03,1.07158e+03,1.23849e+03,1.50610e+03
3350,1.09604e+03,1.52247e+03,1.09362e+03,1.07265e+03,1.23810e+03,1.50640e+03
3400,1.10516e+03,1.52309e+03,1.09369e+03,1.07109e+03,1.23865e+03,1.50584e+03
3450,1.11437e+03,1.52184e+03,1.09356e+03,1.06997e+03,1.23814e+03,1.50578e+03
3500,1.12353e+03,1.52029e+03,1.09317e+03,1.06887e+03,1.23731e+03,1.50508e+03
3550,1.13270e+03,1.52124e+03,1.09281e+03,1.07036e+03,1.23708e+03,1.50476e+03
3600,1.14185e+03,1.52124e+03,1.09253e+03,1.07210e+03,1.23620e+03,1.50449e+03
3650,1.15097e+03,1.52127e+03,1.09257e+03,1.07258e+03,1.23754e+03,1.50400e+03
3700,1.16014e+03,1.52221e+03,1.09234e+03,1.07293e+03,1.23763e+03,1.50290e+03
3750,1.16926e+03,1.52225e+03,1.09242e+03,1.07202e+03,1.23590e+03,1.50281e+03
3800,1.17834e+03,1.52287e+03,1.09230e+03,1.07267e+03,1.23587e+03,1.50256e+03
3850,1.18757e+03,1.52232e+03,1.09212e+03,1.07111e+03,1.23619e+03,1.50235e+03
3900,1.19671e+03,1.52201e+03,1.09202e+03,1.07016e+03,1.23634e+03,1.50187e+03
3950,1.20585e+03,1.52291e+03,1.09187e+03,1.07033e+03,1.23550e+03,1.50191e+03
4000,1.21514e+03,1.52317e+03,1.09201e+03,1.06942e+03,1.23482e+03,1.50207e+03
4050,1.22416e+03,1.52330e+03,1.09140e+03,1.07005e+03,1.23464e+03,1.50222e+03
4100,1.23313e+03,1.52321e+03,1.09131e+03,1.06928e+03,1.23656e+03,1.50200e+03
4150,1.24206e+03,1.52357e+03,1.09135e+03,1.06872e+03,1.23714e+03,1.50242e+03
4200,1.25105e+03,1.52373e+03,1.09137e+03,1.06843e+03,1.23635e+03,1.50257e+03
4250,1.26000e+03,1.52162e+03,1.09131e+03,1.06826e+03,1.23759e+03,1.50232e+03
4300,1.26901e+03,1.52131e+03,1.09098e+03,1.06937e+03,1.23809e+03,1.50284e+03
4350,1.27802e+03,1.52202e+03,1.09060e+03,1.07046e+03,1.23840e+03,1.50332e+03
4400,1.28702e+03,1.52460e+03,1.09036e+03,1.07104e+03,1.23746e+03,1.50299e+03
4450,1.29597e+03,1.52490e+03,1.09061e+03,1.07075e+03,1.23815e+03,1.50308e+03
4500,1.30495e+03,1.52448e+03,1.09062e+03,1.07036e+03,1.23731e+03,1.50269e+03
4550,1.31389e+03,1.52360e+03,1.09036e+03,1.06991e+03,1.23676e+03,1.50210e+03
4600,1.32290e+03,1.52213e+03,1.09038e+03,1.07053e+03,1.23643e+03,1.50158e+03
4650,1.33189e+03,1.52234e+03,1.09075e+03,1.06988e+03,1.23623e+03,1.50110e+03
4700,1.34089e+03,1.52130e+03,1.09079e+03,1.06980e+03,1.23741e+03,1.50160e+03
4750,1.34992e+03,1.52184e+03,1.09074e+03,1.07003e+03,1.23756e+03,1.50131e+03
4800,1.35889e+03,1.52363e+03,1.09048e+03,1.06980e+03,1.23650e+03,1.50117e+03
4850,1.36797e+03,1.52421e+03,1.09067e+03,1.07026e+03,1.23684e+03,1.50102e+03
4900,1.37700e+03,1.52389e+03,1.09038e+03,1.07028e+03,1.23753e+03,1.50097e+03
4950,1.38599e+03,1.52373e+03,1.09029e+03,1.06917e+03,1.23770e+03,1.50082e+03
5000,1.39494e+03,1.52394e+03,1.09009e+03,1.07026e+03,1.23737e+03,1.50095e+03
5050,1.40392e+03,1.52380e+03,1.09008e+03,1.07022e+03,1.23735e+03,1.50092e+03
5100,1.41285e+03,1.52379e+03,1.09006e+03,1.07028e+03,1.23742e+03,1.50089e+03
5150,1.42186e+03,1.52372e+03,1.09004e+03,1.07021e+03,1.23741e+03,1.50092e+03
5200,1.43092e+03,1.52365e+03,1.09004e+03,1.07017e+03,1.23742e+03,1.50092e+03
5250,1.43991e+03,1.52357e+03,1.09001e+03,1.07028e+03,1.23740e+03,1.50091e+03
5300,1.44903e+03,1.52352e+03,1.09002e+03,1.07027e+03,1.23737e+03,1.50091e+03
5350,1.45800e+03,1.52353e+03,1.09001e+03,1.07037e+03,1.23733e+03,1.50094e+03
5400,1.46698e+03,1.52343e+03,1.08999e+03,1.07037e+03,1.23733e+03,1.50093e+03
5450,1.47594e+03,1.52341e+03,1.08997e+03,1.07031e+03,1.23733e+03,1.50092e+03
5500,1.48499e+03,1.52334e+03,1.08996e+03,1.07033e+03,1.23723e+03,1.50094e+03
5550,1.49405e+03,1.52336e+03,1.08999e+03,1.07030e+03,1.23724e+03,1.50091e+03
5600,1.50312e+03,1.52337e+03,1.08996e+03,1.07027e+03,1.23721e+03,1.50088e+03
5650,1.51208e+03,1.52336e+03,1.08995e+03,1.07026e+03,1.23716e+03,1.50091e+03
5700,1.52103e+03,1.52334e+03,1.08994e+03,1.07024e+03,1.23711e+03,1.50092e+03
5750,1.53007e+03,1.52336e+03,1.08994e+03,1.07030e+03,1.23717e+03,1.50091e+03
5800,1.53905e+03,1.52341e+03,1.08992e+03,1.07039e+03,1.23713e+03,1.50086e+03
5850,1.54811e+03,1.52336e+03,1.08989e+03,1.07045e+03,1.23707e+03,1.50091e+03
5900,1.55713e+03,1.52342e+03,1.08987e+03,1.07051e+03,1.23704e+03,1.50087e+03
5950,1.56616e+03,1.52335e+03,1.08986e+03,1.07064e+03,1.23713e+03,1.50086e+03
6000,1.57519e+03,1.52336e+03,1.08985e+03,1.07057e+03,1.23708e+03,1.50083e+03
6050,1.58424e+03,1.52338e+03,1.08984e+03,1.07055e+03,1.23704e+03,1.50078e+03
6100,1.59325e+03,1.52336e+03,1.08986e+03,1.07053e+03,1.23713e+03,1.50080e+03
6150,1.60225e+03,1.52325e+03,1.08986e+03,1.07050e+03,1.23713e+03,1.50078e+03
6200,1.61124e+03,1.52320e+03,1.08983e+03,1.07050e+03,1.23702e+03,1.50076e+03
6250,1.62022e+03,1.52313e+03,1.08976e+03,1.07051e+03,1.23698e+03,1.50074e+03
6300,1.62925e+03,1.52303e+03,1.08973e+03,1.07050e+03,1.23700e+03,1.50078e+03
6350,1.63825e+03,1.52294e+03,1.08972e+03,1.07051e+03,1.23703e+03,1.50085e+03
6400,1.64731e+03,1.52290e+03,1.08969e+03,1.07046e+03,1.23709e+03,1.50084e+03
6450,1.65633e+03,1.52292e+03,1.08968e+03,1.07044e+03,1.23711e+03,1.50078e+03
6500,1.66536e+03,1.52285e+03,1.08971e+03,1.07036e+03,1.23719e+03,1.50077e+03
6550,1.67430e+03,1.52288e+03,1.08966e+03,1.07036e+03,1.23722e+03,1.50074e+03
6600,1.68331e+03,1.52296e+03,1.08965e+03,1.07033e+03,1.23717e+03,1.50071e+03
6650,1.69235e+03,1.52288e+03,1.08969e+03,1.07029e+03,1.23713e+03,1.50072e+03
6700,1.70140e+03,1.52283e+03,1.08969e+03,1.07020e+03,1.23716e+03,1.50072e+03
6750,1.71043e+03,1.52273e+03,1.08969e+03,1.07021e+03,1.23737e+03,1.50071e+03
6800,1.71942e+03,1.52270e+03,1.08964e+03,1.07027e+03,1.23733e+03,1.50068e+03
6850,1.72848e+03,1.52265e+03,1.08959e+03,1.07027e+03,1.23730e+03,1.50070e+03
6900,1.73750e+03,1.52262e+03,1.08957e+03,1.07035e+03,1.23743e+03,1.50065e+03
6950,1.74652e+03,1.52261e+03,1.08954e+03,1.07023e+03,1.23747e+03,1.50066e+03
7000,1.75553e+03,1.52254e+03,1.08954e+03,1.07012e+03,1.23745e+03,1.50062e+03
7050,1.76450e+03,1.52259e+03,1.08954e+03,1.07017e+03,1.23743e+03,1.50061e+03
7100,1.77344e+03,1.52252e+03,1.08957e+03,1.07022e+03,1.23751e+03,1.50054e+03
7150,1.78246e+03,1.52233e+03,1.08953e+03,1.07025e+03,1.23750e+03,1.50050e+03
7200,1.79150e+03,1.52241e+03,1.08953e+03,1.07026e+03,1.23743e+03,1.50047e+03
7250,1.80054e+03,1.52253e+03,1.08955e+03,1.07020e+03,1.23726e+03,1.50047e+03
7300,1.80959e+03,1.52248e+03,1.08952e+03,1.07016e+03,1.23717e+03,1.50044e+03
7350,1.81859e+03,1.52251e+03,1.08949e+03,1.07024e+03,1.23698e+03,1.50034e+03
7400,1.82757e+03,1.52239e+03,1.08949e+03,1.07026e+03,1.23702e+03,1.50033e+03
7450,1.83659e+03,1.52240e+03,1.08948e+03,1.07025e+03,1.23705e+03,1.50031e+03
7500,1.96952e+03,1.52237e+03,1.08949e+03,1.07010e+03,1.23712e+03,1.50031e+03
7550,2.09090e+03,1.52236e+03,1.08949e+03,1.07002e+03,1.23711e+03,1.50034e+03
7600,2.09998e+03,1.52220e+03,1.08951e+03,1.06988e+03,1.23707e+03,1.50035e+03
7650,2.10898e+03,1.52223e+03,1.08949e+03,1.06982e+03,1.23721e+03,1.50033e+03
7700,2.11796e+03,1.52222e+03,1.08948e+03,1.06982e+03,1.23721e+03,1.50035e+03
7750,2.12702e+03,1.52224e+03,1.08949e+03,1.06977e+03,1.23726e+03,1.50033e+03
7800,2.13599e+03,1.52215e+03,1.08949e+03,1.06963e+03,1.23714e+03,1.50029e+03
7850,2.14504e+03,1.52215e+03,1.08946e+03,1.06962e+03,1.23714e+03,1.50028e+03
7900,2.15416e+03,1.52226e+03,1.08946e+03,1.06952e+03,1.23716e+03,1.50030e+03
7950,2.16395e+03,1.52233e+03,1.08946e+03,1.06953e+03,1.23726e+03,1.50032e+03
8000,2.17419e+03,1.52230e+03,1.08944e+03,1.06970e+03,1.23723e+03,1.50034e+03
8050,2.18586e+03,1.52229e+03,1.08944e+03,1.06970e+03,1.23722e+03,1.50034e+03
8100,2.20290e+03,1.52229e+03,1.08944e+03,1.06970e+03,1.23722e+03,1.50034e+03
8150,2.33333e+03,1.52229e+03,1.08944e+03,1.06970e+03,1.23722e+03,1.50034e+03
8200,2.34899e+03,1.52229e+03,1.08944e+03,1.06970e+03,1.23722e+03,1.50034e+03
8250,2.36165e+03,1.52229e+03,1.08944e+03,1.06970e+03,1.23723e+03,1.50034e+03
8300,2.37060e+03,1.52229e+03,1.08944e+03,1.06970e+03,1.23723e+03,1.50034e+03
8350,2.37959e+03,1.52229e+03,1.08944e+03,1.06970e+03,1.23723e+03,1.50034e+03
8400,2.38860e+03,1.52229e+03,1.08944e+03,1.06970e+03,1.23723e+03,1.50034e+03
8450,2.39758e+03,1.52229e+03,1.08944e+03,1.06970e+03,1.23723e+03,1.50034e+03
8500,2.40698e+03,1.52229e+03,1.08944e+03,1.06970e+03,1.23723e+03,1.50034e+03
8550,2.42148e+03,1.52229e+03,1.08944e+03,1.06970e+03,1.23723e+03,1.50034e+03
8600,2.43859e+03,1.52229e+03,1.08944e+03,1.06970e+03,1.23723e+03,1.50034e+03
8650,2.45694e+03,1.52229e+03,1.08944e+03,1.06970e+03,1.23723e+03,1.50034e+03
8700,2.46729e+03,1.52229e+03,1.08944e+03,1.06970e+03,1.23723e+03,1.50034e+03
8750,2.47625e+03,1.52229e+03,1.08944e+03,1.06970e+03,1.23723e+03,1.50034e+03
8800,2.48525e+03,1.52229e+03,1.08944e+03,1.06970e+03,1.23722e+03,1.50034e+03
8850,2.49421e+03,1.52229e+03,1.08944e+03,1.06970e+03,1.23722e+03,1.50034e+03
8900,2.57770e+03,1.52229e+03,1.08944e+03,1.06970e+03,1.23723e+03,1.50034e+03
8950,2.69856e+03,1.52229e+03,1.08944e+03,1.06970e+03,1.23723e+03,1.50034e+03
9000,2.70751e+03,1.52229e+03,1.08944e+03,1.06970e+03,1.23723e+03,1.50034e+03
9050,2.71649e+03,1.52229e+03,1.08944e+03,1.06970e+03,1.23723e+03,1.50034e+03
9100,2.72541e+03,1.52229e+03,1.08944e+03,1.06970e+03,1.23723e+03,1.50034e+03
9150,2.73445e+03,1.52229e+03,1.08944e+03,1.06970e+03,1.23723e+03,1.50034e+03
9200,2.74341e+03,1.52229e+03,1.08944e+03,1.06970e+03,1.23723e+03,1.50034e+03
9250,2.75246e+03,1.52229e+03,1.08944e+03,1.06970e+03,1.23723e+03,1.50034e+03
9300,2.76148e+03,1.52228e+03,1.08944e+03,1.06969e+03,1.23723e+03,1.50034e+03
9350,2.77139e+03,1.52229e+03,1.08943e+03,1.06970e+03,1.23723e+03,1.50034e+03
9400,2.78160e+03,1.52229e+03,1.08943e+03,1.06970e+03,1.23723e+03,1.50034e+03
9450,2.79569e+03,1.52229e+03,1.08943e+03,1.06969e+03,1.23723e+03,1.50034e+03
9500,2.81276e+03,1.52228e+03,1.08943e+03,1.06969e+03,1.23723e+03,1.50034e+03
9550,2.82632e+03,1.52228e+03,1.08943e+03,1.06969e+03,1.23723e+03,1.50034e+03
9600,2.83559e+03,1.52228e+03,1.08943e+03,1.06969e+03,1.23723e+03,1.50034e+03
9650,2.84453e+03,1.52228e+03,1.08943e+03,1.06969e+03,1.23723e+03,1.50034e+03
9700,2.85352e+03,1.52228e+03,1.08943e+03,1.06970e+03,1.23723e+03,1.50034e+03
9750,2.86246e+03,1.52229e+03,1.08943e+03,1.06969e+03,1.23723e+03,1.50034e+03
9800,2.94485e+03,1.52229e+03,1.08943e+03,1.06970e+03,1.23723e+03,1.50034e+03
9850,3.02592e+03,1.52229e+03,1.08943e+03,1.06970e+03,1.23723e+03,1.50034e+03
9900,3.04293e+03,1.52228e+03,1.08943e+03,1.06970e+03,1.23723e+03,1.50034e+03
9950,3.05375e+03,1.52229e+03,1.08943e+03,1.06970e+03,1.23723e+03,1.50034e+03
10000,3.06272e+03,1.52228e+03,1.08943e+03,1.06970e+03,1.23723e+03,1.50034e+03
